id,title,kind,evidence_scope,audit_source,work_packages,acceptance_tests,disposition,correction
CONTENT-01,Component salvage requires an unavailable wrench,audit_finding,static_content_with_scoped_fresh_followups,docs/audit-deep/content/content-audit.md,F01;F02;F09,A01;A02;A03,adapt,Consult deep README and final v7 scope; latent/disconnected paths are not promoted to normal exploits.
CONTENT-02,Carried component forms lack inventory definitions,audit_finding,static_content_with_scoped_fresh_followups,docs/audit-deep/content/content-audit.md,F01;F03;F06,A01;A03;A04;A09;A31;A32;A36,adapt,Consult deep README and final v7 scope; latent/disconnected paths are not promoted to normal exploits.
CONTENT-03,Most recipe inputs have no supported source,audit_finding,static_content_with_scoped_fresh_followups,docs/audit-deep/content/content-audit.md,F01;F02;F08;G01,A01;A02;A10;A24,adapt,Consult deep README and final v7 scope; latent/disconnected paths are not promoted to normal exploits.
CONTENT-04,Tier upgrades are discarded by spatial craft precheck,audit_finding,static_content_with_scoped_fresh_followups,docs/audit-deep/content/content-audit.md,F06;F07,A11;A33;A35,adapt,Consult deep README and final v7 scope; latent/disconnected paths are not promoted to normal exploits.
CONTENT-05,Recipe knowledge and skill books are disconnected,audit_finding,static_content_with_scoped_fresh_followups,docs/audit-deep/content/content-audit.md,F02;F06;F07,A01;A09;A11;A33;A38,adapt,Consult deep README and final v7 scope; latent/disconnected paths are not promoted to normal exploits.
CONTENT-06,Claimed vessels do not inherit home services,audit_finding,static_content_with_scoped_fresh_followups,docs/audit-deep/content/content-audit.md,H01,A14,adapt,Consult deep README and final v7 scope; latent/disconnected paths are not promoted to normal exploits.
CONTENT-07,Medbay surgery depends on source-less gauze,audit_finding,static_content_with_scoped_fresh_followups,docs/audit-deep/content/content-audit.md,F02;S03,A02;A21,adapt,Consult deep README and final v7 scope; latent/disconnected paths are not promoted to normal exploits.
CONTENT-08,Full item stacks consume finite loot containers,audit_finding,static_content_with_scoped_fresh_followups,docs/audit-deep/content/content-audit.md,F03;F06,A04;A09;A32,adapt,Consult deep README and final v7 scope; latent/disconnected paths are not promoted to normal exploits.
CONTENT-09,Queued craft completion bypasses ingredient consumption,audit_finding,static_content_with_scoped_fresh_followups,docs/audit-deep/content/content-audit.md,F07,A11,adapt,Consult deep README and final v7 scope; latent/disconnected paths are not promoted to normal exploits.
CONTENT-10,Generic structural work lacks continuous site validation,audit_finding,static_content_with_scoped_fresh_followups,docs/audit-deep/content/content-audit.md,F04A;F04;F09,A05;A06;A32;A39,adapt,Consult deep README and final v7 scope; latent/disconnected paths are not promoted to normal exploits.
CONTENT-11,Starting class levels and uniform fabrication checks,audit_finding,static_content_with_scoped_fresh_followups,docs/audit-deep/content/content-audit.md,F08;F09,A02;A10;A37,adapt,Cargo seal is a real repair0 producer; all-class approved solo policy applies. Six repair2 model-feasible/five short; no natural walk and no global deadlock claim.
CONTENT-12,Reload disables hold requirement for active work,audit_finding,static_content_with_scoped_fresh_followups,docs/audit-deep/content/content-audit.md,F04;F06,A06;A09,adapt,Consult deep README and final v7 scope; latent/disconnected paths are not promoted to normal exploits.
GEN-01,medium — compiled release can retain revoked approval.,audit_finding,source_confirmed_or_scoped_model_diagnostic_as_reported,docs/audit-deep/generation/findings.md,G02,A26,adapt_or_conditional_release,Exact crawler still approved; source/build/receipt/registration are separate. No reapproval.
GEN-02,low — game integration documentation misstates approval/readiness.,audit_finding,source_confirmed_or_scoped_model_diagnostic_as_reported,docs/audit-deep/generation/findings.md,G02,A25;A26,adapt_or_conditional_release,Exact crawler still approved; source/build/receipt/registration are separate. No reapproval.
GEN-03,medium content integration gap — no production creature library installed in audited game tree.,audit_finding,source_confirmed_or_scoped_model_diagnostic_as_reported,docs/audit-deep/generation/findings.md,G02,A25,adapt_or_conditional_release,Exact crawler still approved; source/build/receipt/registration are separate. No reapproval.
UI-1,"Closed captions disappear into retained, unrendered detail state",audit_finding,source_confirmed_or_scoped_model_diagnostic_as_reported,docs/audit-deep/ui-lifecycle/findings.md,P01,A13,adapt_or_conditional_release,Native Title/caption/audio/long-haul performance not certified by source/fixture.
UI-2,Difficulty settings and New Run difficulty diverge,audit_finding,source_confirmed_or_scoped_model_diagnostic_as_reported,docs/audit-deep/ui-lifecycle/findings.md,P01,A12,adapt_or_conditional_release,Native Title/caption/audio/long-haul performance not certified by source/fixture.
UI-3,Low Oxygen tutorial is persistent history presented like a current warning,audit_finding,source_confirmed_or_scoped_model_diagnostic_as_reported,docs/audit-deep/ui-lifecycle/findings.md,P01,A13,adapt_or_conditional_release,Native Title/caption/audio/long-haul performance not certified by source/fixture.
UI-4,Audio service retains old session models across scene boundaries,audit_finding,source_confirmed_or_scoped_model_diagnostic_as_reported,docs/audit-deep/ui-lifecycle/findings.md,P02,A27,adapt_or_conditional_release,Native Title/caption/audio/long-haul performance not certified by source/fixture.
UI-5,Unbounded visited-state traversal and snapshot growth,audit_finding,source_confirmed_or_scoped_model_diagnostic_as_reported,docs/audit-deep/ui-lifecycle/findings.md,S01,A19,adapt_or_conditional_release,Native Title/caption/audio/long-haul performance not certified by source/fixture.
UI-6,Absent ship simulation silently drops gaps above 30 minutes,audit_finding,source_confirmed_or_scoped_model_diagnostic_as_reported,docs/audit-deep/ui-lifecycle/findings.md,S02,A20,adapt_or_conditional_release,Native Title/caption/audio/long-haul performance not certified by source/fixture.
UI-7,New owned shelter cannot inherit original-home production role,audit_finding,source_confirmed_or_scoped_model_diagnostic_as_reported,docs/audit-deep/ui-lifecycle/findings.md,H01,A14,adapt_or_conditional_release,Native Title/caption/audio/long-haul performance not certified by source/fixture.
UI-8,Enabled controls overstate their current reach,audit_finding,source_confirmed_or_scoped_model_diagnostic_as_reported,docs/audit-deep/ui-lifecycle/findings.md,P01;P02,A13;A27;A29,adapt_or_conditional_release,Native Title/caption/audio/long-haul performance not certified by source/fixture.
INTEGRATED-01,Acquisition closure,integrated_finding,bounded_deep_audit_not_campaign_acceptance,docs/audit-deep/README.md,F01;F02;F03;F08,A01;A02;A03;A10,adapt_or_decision_gated,No native/campaign or optional mechanics commitment inferred from diagnostics.
INTEGRATED-02,Original-home service identity,integrated_finding,bounded_deep_audit_not_campaign_acceptance,docs/audit-deep/README.md,H01,A14,adapt_or_decision_gated,No native/campaign or optional mechanics commitment inferred from diagnostics.
INTEGRATED-03,Internal/exterior structural semantics,integrated_finding,bounded_deep_audit_not_campaign_acceptance,docs/audit-deep/README.md,H02;H03,A15;A16;A22,adapt_or_decision_gated,No native/campaign or optional mechanics commitment inferred from diagnostics.
INTEGRATED-04,Work locality and input restore,integrated_finding,bounded_deep_audit_not_campaign_acceptance,docs/audit-deep/README.md,F04;F06,A05;A06,adapt_or_decision_gated,No native/campaign or optional mechanics commitment inferred from diagnostics.
INTEGRATED-05,Visitation-dependent simulation,integrated_finding,bounded_deep_audit_not_campaign_acceptance,docs/audit-deep/README.md,S02,A20,adapt_or_decision_gated,No native/campaign or optional mechanics commitment inferred from diagnostics.
INTEGRATED-06,Save replacement recovery,integrated_finding,bounded_deep_audit_not_campaign_acceptance,docs/audit-deep/README.md,F05;F06,A07;A08;A09;A34,adapt_or_decision_gated,No native/campaign or optional mechanics commitment inferred from diagnostics.
INTEGRATED-07,Offered launch/accessibility/lifecycle,integrated_finding,bounded_deep_audit_not_campaign_acceptance,docs/audit-deep/README.md,P01;P02,A12;A13;A27;A29,adapt_or_decision_gated,No native/campaign or optional mechanics commitment inferred from diagnostics.
INTEGRATED-08,Companion adoption/decision freshness,integrated_finding,bounded_deep_audit_not_campaign_acceptance,docs/audit-deep/README.md,G02,A25;A26,adapt_or_decision_gated,No native/campaign or optional mechanics commitment inferred from diagnostics.
GAP-01,Occupied/nested detach and earned mobility,explicit_unknown_or_open_scope,bounded_deep_audit_not_campaign_acceptance,docs/audit-deep/README.md,M01,A17;A18,adapt_or_decision_gated,No native/campaign or optional mechanics commitment inferred from diagnostics.
GAP-02,Meaningful survival/resource/cargo journeys,explicit_unknown_or_open_scope,bounded_deep_audit_not_campaign_acceptance,docs/audit-deep/README.md,S03;L01,A21;A28,adapt_or_decision_gated,No native/campaign or optional mechanics commitment inferred from diagnostics.
GAP-03,Physical furnishing/multideck/perception bounds,explicit_unknown_or_open_scope,bounded_deep_audit_not_campaign_acceptance,docs/audit-deep/README.md,G01;H02,A15;A22;A24,adapt_or_decision_gated,No native/campaign or optional mechanics commitment inferred from diagnostics.
GAP-04,Future biomass/logistics choices,explicit_unknown_or_open_scope,bounded_deep_audit_not_campaign_acceptance,docs/audit-deep/README.md,S04;M02,A23;A30,adapt_or_decision_gated,No native/campaign or optional mechanics commitment inferred from diagnostics.
NEG-01,"Portable crafting is connected: field_craft input opens picker, explicit start consumes ingredients, synthetic powered station advances, completion deposits, summaries restore. No missing spatial station defect.",retained_negative,reported_current_source_or_model_negative,docs/audit-deep/content/content-audit.md,F07,A11,preserve_with_regression,Do not replace a functioning path with an absence claim.
NEG-02,"Repair reserves no parts at start, cancels leaving strict range/player invalid, rechecks part/tool/skill at completion before consumption. Only player carried inventory is queried; no automatic closed-room/other-vessel cargo borrowing.",retained_negative,reported_current_source_or_model_negative,docs/audit-deep/content/content-audit.md,F04,A05;A06,preserve_with_regression,Do not replace a functioning path with an absence claim.
NEG-03,Ordinary station interaction checks LOS plus strict range; recipe picker freezes player. Missing confirmation-range check alone is insufficient proof of remote station use.,retained_negative,reported_current_source_or_model_negative,docs/audit-deep/content/content-audit.md,F07,A11,preserve_with_regression,Do not replace a functioning path with an absence claim.
NEG-04,"Junk salvage prechecks every output stack before consuming junk, preventing ordinary consume-with-no-space loss; inventory weight is soft-cap by design. Cargo transfers debit only destination accepted quantity.",retained_negative,reported_current_source_or_model_negative,docs/audit-deep/content/content-audit.md,F03,A04,preserve_with_regression,Do not replace a functioning path with an absence claim.
NEG-05,"Existing-slot component remount preserves saved condition; only fresh slot uses catalog default. Remount explicitly raises linked system health to minimum0.55, and ship-mod load reapplication also does so. Carried item form has no provenance/condition data; identity laundering is a parent runtime candidate, not proved normal exploit because wrench absent.",retained_negative,reported_current_source_or_model_negative,docs/audit-deep/content/content-audit.md,F03;F06,A03;A09,preserve_with_regression,Do not replace a functioning path with an absence claim.
NEG-06,"New loot/crafted food does not reset already tracked spoilage: RegisterFoodForSpoilage returns when item ID tracked; summaries restore food age. Model is per item type, not per stack/instance; storage-specific ageing and stack freshness blending need separate design/runtime assessment.",retained_negative,reported_current_source_or_model_negative,docs/audit-deep/content/content-audit.md,S03,A28,preserve_with_regression,Do not replace a functioning path with an absence claim.
DIAG-component_identity_transfer_power_coupling,Same-slot and cross-vessel remount should retain damage/identity unless authored replacement explicitly consumes repair resources,provisioned_diagnostic_trace,freshly_compiled_engine_free_Core_provisioned_diagnostic,docs/audit-deep/runtime/results-v7/model-results.json,F03,A03,retain_discriminator_not_acquisition_pass,"Real placement/resolver/catalog; reactor_console is an actual definition, power_coupling is deliberately unknown negative case. Provisioned condition; normal wrench acquisition may be blocked. No UI reach or earned source asserted."
DIAG-component_identity_transfer_reactor_console,Same-slot and cross-vessel remount should retain damage/identity unless authored replacement explicitly consumes repair resources,provisioned_diagnostic_trace,freshly_compiled_engine_free_Core_provisioned_diagnostic,docs/audit-deep/runtime/results-v7/model-results.json,F03,A03,retain_discriminator_not_acquisition_pass,"Real placement/resolver/catalog; reactor_console is an actual definition, power_coupling is deliberately unknown negative case. Provisioned condition; normal wrench acquisition may be blocked. No UI reach or earned source asserted."
DIAG-elapsed_300,"Equal elapsed time in active, one long absence and multiple short absences; same-time catch-up must not double tick",provisioned_diagnostic_trace,freshly_compiled_engine_free_Core_provisioned_diagnostic,docs/audit-deep/runtime/results-v7/model-results.json,S02,A20,retain_discriminator_not_acquisition_pass,"Web/hull-only provisioned models; no active RunSession fire/food inference, no offline wall-clock assertion."
DIAG-elapsed_1800,"Equal elapsed time in active, one long absence and multiple short absences; same-time catch-up must not double tick",provisioned_diagnostic_trace,freshly_compiled_engine_free_Core_provisioned_diagnostic,docs/audit-deep/runtime/results-v7/model-results.json,S02,A20,retain_discriminator_not_acquisition_pass,"Web/hull-only provisioned models; no active RunSession fire/food inference, no offline wall-clock assertion."
DIAG-elapsed_3600,"Equal elapsed time in active, one long absence and multiple short absences; same-time catch-up must not double tick",provisioned_diagnostic_trace,freshly_compiled_engine_free_Core_provisioned_diagnostic,docs/audit-deep/runtime/results-v7/model-results.json,S02,A20,retain_discriminator_not_acquisition_pass,"Web/hull-only provisioned models; no active RunSession fire/food inference, no offline wall-clock assertion."
DIAG-elapsed_86400,"Equal elapsed time in active, one long absence and multiple short absences; same-time catch-up must not double tick",provisioned_diagnostic_trace,freshly_compiled_engine_free_Core_provisioned_diagnostic,docs/audit-deep/runtime/results-v7/model-results.json,S02,A20,retain_discriminator_not_acquisition_pass,"Web/hull-only provisioned models; no active RunSession fire/food inference, no offline wall-clock assertion."
DIAG-production_start_restore_outage,Power is checked at start; diagnose whether post-start outage reaches the authoritative timer,provisioned_diagnostic_trace,freshly_compiled_engine_free_Core_provisioned_diagnostic,docs/audit-deep/runtime/results-v7/model-results.json,H01;S03,A14;A21,retain_discriminator_not_acquisition_pass,Provisioned crop; demonstrates model behavior/one-harvest guard. Runtime caller must be traced before declaring outage defect; continuous fuel consumption remains a design choice.
DIAG-craft_station_outage_guard,"Ordinary StationState must pause without adding outage time, persist progress and resume",provisioned_diagnostic_trace,freshly_compiled_engine_free_Core_provisioned_diagnostic,docs/audit-deep/runtime/results-v7/model-results.json,F07;H01,A11;A14,retain_discriminator_not_acquisition_pass,"Real station model, provisioned recipe. Negative finding distinguishes functioning crafting outage guard from production timers; no reserved inventory or UI action path claimed."
DIAG-nested_stowed_payload,Valid nested carried hulls and cargo counted once; excluded carried engines not confused with excluded mass,provisioned_diagnostic_trace,freshly_compiled_engine_free_Core_provisioned_diagnostic,docs/audit-deep/runtime/results-v7/model-results.json,M01,A17,retain_discriminator_not_acquisition_pass,Provisioned valid parent graph and catalog items; unknown component item weight tested separately. No actual Hangar UI/detach occupancy/reservation proof.
DIAG-atmosphere_scalar,Determine represented scope before claiming room isolation or distinguishing internal/exterior cuts,provisioned_diagnostic_trace,freshly_compiled_engine_free_Core_provisioned_diagnostic,docs/audit-deep/runtime/results-v7/model-results.json,H02;H03,A15;A16,retain_discriminator_not_acquisition_pass,Ship scalar model has no room/portal input. This does not reproduce a particular internal-wall cut; geometric classification still requires Unity/caller diagnostics.
DIAG-session_work_hold_restore,Released held work must remain paused after save/load unless user explicitly selects tap mode,provisioned_diagnostic_trace,freshly_compiled_engine_free_Core_provisioned_diagnostic,docs/audit-deep/runtime/results-v7/model-results.json,F04;F06,A06,retain_discriminator_not_acquisition_pass,"Current RunSession snapshot/manual-apply and stage code with golden data, live playability knobs, fake scene/MemoryStorage. Active job and private input requirement provisioned to isolate serialization; no real wall/tool acquisition or UI input asserted."
DIAG-session_actual_travel_cost,Record actual travel mutation rather than assuming displayed SeaGraph cost helpers are called,provisioned_diagnostic_trace,freshly_compiled_engine_free_Core_provisioned_diagnostic,docs/audit-deep/runtime/results-v7/model-results.json,M02,A30,retain_discriminator_not_acquisition_pass,"Actual RunSession travel with fake generated scene and provisioned repaired systems/threat removal; golden fixture bypasses natural onboarding. This proves only this callable travel transaction, not earned normal access or Unity physical traversal."
DIAG-disk_prewrite_failure,Prewrite exception should retain last good destination; final delete/move interruption remains separate,provisioned_diagnostic_trace,freshly_compiled_engine_free_Core_provisioned_diagnostic,docs/audit-deep/runtime/results-v7/model-results.json,F05,A07,retain_discriminator_not_acquisition_pass,Real FileSystemStorage on disposable audit path. Fault occurs BEFORE destination deletion; not proof of recovery during final replace interval and not MemoryStorage.
DIAG-session_generic_cut_work_locality,A legitimately started work channel should validate its original site while completing,provisioned_diagnostic_trace,freshly_compiled_engine_free_Core_provisioned_diagnostic,docs/audit-deep/runtime/results-v7/model-results.json,F04,A05,retain_discriminator_not_acquisition_pass,"Actual current session interact handler and timed stage; catalog tool and simple target provisioned; movement is fake scene position, no physical/input or earned acquisition assertion."
DIAG-module_boundary_representation,Determine whether internal and exterior identity affects atmospheric breach classification,provisioned_diagnostic_trace,freshly_compiled_engine_free_Core_provisioned_diagnostic,docs/audit-deep/runtime/results-v7/model-results.json,H02,A15,retain_discriminator_not_acquisition_pass,"Two declared model labels; no geometric ownership field is accepted or persisted by these APIs. Confirms classification contract, not a particular generated internal edge cut."
DIAG-session_secondary_shelter_services,Boarded non-original shelter should be distinguished from original onboarding identity,provisioned_diagnostic_trace,freshly_compiled_engine_free_Core_provisioned_diagnostic,docs/audit-deep/runtime/results-v7/model-results.json,H01,A14,retain_discriminator_not_acquisition_pass,"Provisioned second ShipInstance claimed by same player, sharing the home fake loader/systems; invokes actual context rebuild; does not claim an earned secured connection or powered station UI test."
DIAG-known_ship_tick_save_scale,Measure enumeration and save growth separately from rendered roots,provisioned_diagnostic_trace,freshly_compiled_engine_free_Core_provisioned_diagnostic,docs/audit-deep/runtime/results-v7/model-results.json,S01,A19,retain_discriminator_not_acquisition_pass,"Current session stage and snapshot encoding with minimal uninstantiated visited models; 30 tick samples/count, warm JIT; not loaded hull/AI/GPU or full historic-save performance certification."
DIAG-staged_delete_move_save_recovery,A valid temporary save with missing destination should have an explicit recovery policy,provisioned_diagnostic_trace,freshly_compiled_engine_free_Core_provisioned_diagnostic,docs/audit-deep/runtime/results-v7/model-results.json,F05,A08,retain_discriminator_not_acquisition_pass,"Actual FileSystemStorage/SaveLoadService with current valid snapshot; staged reachable delete-to-move state, not observed crash or killed user process; no Title/native Continue proof."
DIAG-real_launch_validation,Default versus alternatives offered by UI must use authoritative launch predicate,provisioned_diagnostic_trace,freshly_compiled_engine_free_Core_provisioned_diagnostic,docs/audit-deep/runtime/results-v7/model-results.json,P01,A12,retain_discriminator_not_acquisition_pass,"Actual gate called directly, no SceneLoader stub; no boot/Title transition test."
DIAG-normal_supply_component_command_boundary,"Empty starting bag acquires live authored cache through dispatch, then attempts first component through same command",provisioned_diagnostic_trace,freshly_compiled_engine_free_Core_provisioned_diagnostic,docs/audit-deep/runtime/results-v7/model-results.json,F02;F09,A02;A03,retain_discriminator_not_acquisition_pass,"No inventory/tool/skill grants; default current session and real authored cache/dispatch, but fake scene directly positions player at anchors. This is command/acquisition boundary evidence, NOT real walking/Unity/native input journey."
DIAG-compiled_internal_exterior_cuts,Compare authoritative mutation of real internal and exterior boundaries in the SAME compiled layout,provisioned_diagnostic_trace,freshly_compiled_engine_free_Core_provisioned_diagnostic,docs/audit-deep/runtime/results-v7/model-results.json,H02,A15,retain_discriminator_not_acquisition_pass,"Actual generated compiled edges, catalog timed work driver and map JSON restore. Tool provisioned, no player reach/hold, physical collider/nav rebuild or room-pressure simulation proof."
